timestamp,view_count,like_count,comment_count,title
2026-02-20 17:30:00,0,0,0,"""21세기 말까지 기금 소진 걱정 끝"" 김성주 이사장이 밝힌 1400조 국민연금의 미래 시나리오 #국민연금 #연금고갈 #2099년 #목표 수익률5.5% #연금개혁 #김성주이사장"
2026-02-21 09:48:40,127,13,0,"""21세기 말까지 기금 소진 걱정 끝"" 김성주 이사장이 밝힌 1400조 국민연금의 미래 시나리오 #국민연금 #연금고갈 #2099년 #목표 수익률5.5% #연금개혁 #김성주이사장"
2026-02-21 09:52:16,127,13,0,"""21세기 말까지 기금 소진 걱정 끝"" 김성주 이사장이 밝힌 1400조 국민연금의 미래 시나리오 #국민연금 #연금고갈 #2099년 #목표 수익률5.5% #연금개혁 #김성주이사장"
2026-02-21 11:42:21,126,13,0,"""21세기 말까지 기금 소진 걱정 끝"" 김성주 이사장이 밝힌 1400조 국민연금의 미래 시나리오 #국민연금 #연금고갈 #2099년 #목표 수익률5.5% #연금개혁 #김성주이사장"
2026-02-21 13:19:28,160,13,0,"""21세기 말까지 기금 소진 걱정 끝"" 김성주 이사장이 밝힌 1400조 국민연금의 미래 시나리오 #국민연금 #연금고갈 #2099년 #목표 수익률5.5% #연금개혁 #김성주이사장"
2026-02-21 14:14:04,169,14,0,"""21세기 말까지 기금 소진 걱정 끝"" 김성주 이사장이 밝힌 1400조 국민연금의 미래 시나리오 #국민연금 #연금고갈 #2099년 #목표 수익률5.5% #연금개혁 #김성주이사장"
2026-02-21 14:56:14,169,14,0,"""21세기 말까지 기금 소진 걱정 끝"" 김성주 이사장이 밝힌 1400조 국민연금의 미래 시나리오 #국민연금 #연금고갈 #2099년 #목표 수익률5.5% #연금개혁 #김성주이사장"
2026-02-21 15:32:38,181,15,1,"""21세기 말까지 기금 소진 걱정 끝"" 김성주 이사장이 밝힌 1400조 국민연금의 미래 시나리오 #국민연금 #연금고갈 #2099년 #목표 수익률5.5% #연금개혁 #김성주이사장"
2026-02-21 16:09:34,181,15,1,"""21세기 말까지 기금 소진 걱정 끝"" 김성주 이사장이 밝힌 1400조 국민연금의 미래 시나리오 #국민연금 #연금고갈 #2099년 #목표 수익률5.5% #연금개혁 #김성주이사장"
2026-02-21 16:43:23,169,14,0,"""21세기 말까지 기금 소진 걱정 끝"" 김성주 이사장이 밝힌 1400조 국민연금의 미래 시나리오 #국민연금 #연금고갈 #2099년 #목표 수익률5.5% #연금개혁 #김성주이사장"
2026-02-21 16:57:52,178,15,1,"""21세기 말까지 기금 소진 걱정 끝"" 김성주 이사장이 밝힌 1400조 국민연금의 미래 시나리오 #국민연금 #연금고갈 #2099년 #목표 수익률5.5% #연금개혁 #김성주이사장"
2026-02-21 17:27:00,181,15,1,"""21세기 말까지 기금 소진 걱정 끝"" 김성주 이사장이 밝힌 1400조 국민연금의 미래 시나리오 #국민연금 #연금고갈 #2099년 #목표 수익률5.5% #연금개혁 #김성주이사장"
2026-02-21 17:54:04,181,15,1,"""21세기 말까지 기금 소진 걱정 끝"" 김성주 이사장이 밝힌 1400조 국민연금의 미래 시나리오 #국민연금 #연금고갈 #2099년 #목표 수익률5.5% #연금개혁 #김성주이사장"
2026-02-21 18:17:27,178,15,1,"""21세기 말까지 기금 소진 걱정 끝"" 김성주 이사장이 밝힌 1400조 국민연금의 미래 시나리오 #국민연금 #연금고갈 #2099년 #목표 수익률5.5% #연금개혁 #김성주이사장"
2026-02-21 18:46:46,200,15,1,"""21세기 말까지 기금 소진 걱정 끝"" 김성주 이사장이 밝힌 1400조 국민연금의 미래 시나리오 #국민연금 #연금고갈 #2099년 #목표 수익률5.5% #연금개혁 #김성주이사장"
2026-02-21 18:59:24,187,15,1,"""21세기 말까지 기금 소진 걱정 끝"" 김성주 이사장이 밝힌 1400조 국민연금의 미래 시나리오 #국민연금 #연금고갈 #2099년 #목표 수익률5.5% #연금개혁 #김성주이사장"
2026-02-21 19:27:39,187,15,1,"""21세기 말까지 기금 소진 걱정 끝"" 김성주 이사장이 밝힌 1400조 국민연금의 미래 시나리오 #국민연금 #연금고갈 #2099년 #목표 수익률5.5% #연금개혁 #김성주이사장"
2026-02-21 19:51:43,200,15,1,"""21세기 말까지 기금 소진 걱정 끝"" 김성주 이사장이 밝힌 1400조 국민연금의 미래 시나리오 #국민연금 #연금고갈 #2099년 #목표 수익률5.5% #연금개혁 #김성주이사장"
2026-02-21 20:10:20,210,15,1,"""21세기 말까지 기금 소진 걱정 끝"" 김성주 이사장이 밝힌 1400조 국민연금의 미래 시나리오 #국민연금 #연금고갈 #2099년 #목표 수익률5.5% #연금개혁 #김성주이사장"
2026-02-21 20:33:55,210,15,1,"""21세기 말까지 기금 소진 걱정 끝"" 김성주 이사장이 밝힌 1400조 국민연금의 미래 시나리오 #국민연금 #연금고갈 #2099년 #목표 수익률5.5% #연금개혁 #김성주이사장"
2026-02-21 20:48:09,210,15,1,"""21세기 말까지 기금 소진 걱정 끝"" 김성주 이사장이 밝힌 1400조 국민연금의 미래 시나리오 #국민연금 #연금고갈 #2099년 #목표 수익률5.5% #연금개혁 #김성주이사장"
2026-02-21 20:57:08,200,15,1,"""21세기 말까지 기금 소진 걱정 끝"" 김성주 이사장이 밝힌 1400조 국민연금의 미래 시나리오 #국민연금 #연금고갈 #2099년 #목표 수익률5.5% #연금개혁 #김성주이사장"
2026-02-21 21:35:49,204,15,1,"""21세기 말까지 기금 소진 걱정 끝"" 김성주 이사장이 밝힌 1400조 국민연금의 미래 시나리오 #국민연금 #연금고갈 #2099년 #목표 수익률5.5% #연금개혁 #김성주이사장"
2026-02-21 22:27:13,222,15,1,"""21세기 말까지 기금 소진 걱정 끝"" 김성주 이사장이 밝힌 1400조 국민연금의 미래 시나리오 #국민연금 #연금고갈 #2099년 #목표 수익률5.5% #연금개혁 #김성주이사장"
2026-02-21 22:57:15,222,15,1,"""21세기 말까지 기금 소진 걱정 끝"" 김성주 이사장이 밝힌 1400조 국민연금의 미래 시나리오 #국민연금 #연금고갈 #2099년 #목표 수익률5.5% #연금개혁 #김성주이사장"
2026-02-21 23:21:31,222,15,1,"""21세기 말까지 기금 소진 걱정 끝"" 김성주 이사장이 밝힌 1400조 국민연금의 미래 시나리오 #국민연금 #연금고갈 #2099년 #목표 수익률5.5% #연금개혁 #김성주이사장"
2026-02-21 23:48:11,222,15,1,"""21세기 말까지 기금 소진 걱정 끝"" 김성주 이사장이 밝힌 1400조 국민연금의 미래 시나리오 #국민연금 #연금고갈 #2099년 #목표 수익률5.5% #연금개혁 #김성주이사장"
2026-02-22 00:01:15,227,15,1,"""21세기 말까지 기금 소진 걱정 끝"" 김성주 이사장이 밝힌 1400조 국민연금의 미래 시나리오 #국민연금 #연금고갈 #2099년 #목표 수익률5.5% #연금개혁 #김성주이사장"
2026-02-22 00:31:36,222,15,1,"""21세기 말까지 기금 소진 걱정 끝"" 김성주 이사장이 밝힌 1400조 국민연금의 미래 시나리오 #국민연금 #연금고갈 #2099년 #목표 수익률5.5% #연금개혁 #김성주이사장"
2026-02-22 00:50:16,222,15,1,"""21세기 말까지 기금 소진 걱정 끝"" 김성주 이사장이 밝힌 1400조 국민연금의 미래 시나리오 #국민연금 #연금고갈 #2099년 #목표 수익률5.5% #연금개혁 #김성주이사장"
2026-02-22 01:01:02,222,15,1,"""21세기 말까지 기금 소진 걱정 끝"" 김성주 이사장이 밝힌 1400조 국민연금의 미래 시나리오 #국민연금 #연금고갈 #2099년 #목표 수익률5.5% #연금개혁 #김성주이사장"
2026-02-22 01:36:16,227,15,1,"""21세기 말까지 기금 소진 걱정 끝"" 김성주 이사장이 밝힌 1400조 국민연금의 미래 시나리오 #국민연금 #연금고갈 #2099년 #목표 수익률5.5% #연금개혁 #김성주이사장"
2026-02-22 01:58:26,231,15,1,"""21세기 말까지 기금 소진 걱정 끝"" 김성주 이사장이 밝힌 1400조 국민연금의 미래 시나리오 #국민연금 #연금고갈 #2099년 #목표 수익률5.5% #연금개혁 #김성주이사장"
2026-02-22 02:24:27,231,15,1,"""21세기 말까지 기금 소진 걱정 끝"" 김성주 이사장이 밝힌 1400조 국민연금의 미래 시나리오 #국민연금 #연금고갈 #2099년 #목표 수익률5.5% #연금개혁 #김성주이사장"
2026-02-22 02:46:54,236,15,1,"""21세기 말까지 기금 소진 걱정 끝"" 김성주 이사장이 밝힌 1400조 국민연금의 미래 시나리오 #국민연금 #연금고갈 #2099년 #목표 수익률5.5% #연금개혁 #김성주이사장"
2026-02-22 02:59:40,233,15,1,"""21세기 말까지 기금 소진 걱정 끝"" 김성주 이사장이 밝힌 1400조 국민연금의 미래 시나리오 #국민연금 #연금고갈 #2099년 #목표 수익률5.5% #연금개혁 #김성주이사장"
2026-02-22 03:37:40,231,15,1,"""21세기 말까지 기금 소진 걱정 끝"" 김성주 이사장이 밝힌 1400조 국민연금의 미래 시나리오 #국민연금 #연금고갈 #2099년 #목표 수익률5.5% #연금개혁 #김성주이사장"
2026-02-22 04:03:15,236,15,1,"""21세기 말까지 기금 소진 걱정 끝"" 김성주 이사장이 밝힌 1400조 국민연금의 미래 시나리오 #국민연금 #연금고갈 #2099년 #목표 수익률5.5% #연금개혁 #김성주이사장"
2026-02-22 04:32:55,236,15,1,"""21세기 말까지 기금 소진 걱정 끝"" 김성주 이사장이 밝힌 1400조 국민연금의 미래 시나리오 #국민연금 #연금고갈 #2099년 #목표 수익률5.5% #연금개혁 #김성주이사장"
2026-02-22 04:48:34,231,15,1,"""21세기 말까지 기금 소진 걱정 끝"" 김성주 이사장이 밝힌 1400조 국민연금의 미래 시나리오 #국민연금 #연금고갈 #2099년 #목표 수익률5.5% #연금개혁 #김성주이사장"
2026-02-22 04:57:28,231,15,1,"""21세기 말까지 기금 소진 걱정 끝"" 김성주 이사장이 밝힌 1400조 국민연금의 미래 시나리오 #국민연금 #연금고갈 #2099년 #목표 수익률5.5% #연금개혁 #김성주이사장"
2026-02-22 05:19:53,242,15,1,"""21세기 말까지 기금 소진 걱정 끝"" 김성주 이사장이 밝힌 1400조 국민연금의 미래 시나리오 #국민연금 #연금고갈 #2099년 #목표 수익률5.5% #연금개혁 #김성주이사장"
2026-02-22 05:43:51,239,15,1,"""21세기 말까지 기금 소진 걱정 끝"" 김성주 이사장이 밝힌 1400조 국민연금의 미래 시나리오 #국민연금 #연금고갈 #2099년 #목표 수익률5.5% #연금개혁 #김성주이사장"
2026-02-22 05:57:49,239,15,1,"""21세기 말까지 기금 소진 걱정 끝"" 김성주 이사장이 밝힌 1400조 국민연금의 미래 시나리오 #국민연금 #연금고갈 #2099년 #목표 수익률5.5% #연금개혁 #김성주이사장"
2026-02-22 06:19:48,239,15,1,"""21세기 말까지 기금 소진 걱정 끝"" 김성주 이사장이 밝힌 1400조 국민연금의 미래 시나리오 #국민연금 #연금고갈 #2099년 #목표 수익률5.5% #연금개혁 #김성주이사장"
2026-02-22 06:41:17,242,15,1,"""21세기 말까지 기금 소진 걱정 끝"" 김성주 이사장이 밝힌 1400조 국민연금의 미래 시나리오 #국민연금 #연금고갈 #2099년 #목표 수익률5.5% #연금개혁 #김성주이사장"
2026-02-22 06:54:30,239,15,1,"""21세기 말까지 기금 소진 걱정 끝"" 김성주 이사장이 밝힌 1400조 국민연금의 미래 시나리오 #국민연금 #연금고갈 #2099년 #목표 수익률5.5% #연금개혁 #김성주이사장"
2026-02-22 07:11:08,239,15,1,"""21세기 말까지 기금 소진 걱정 끝"" 김성주 이사장이 밝힌 1400조 국민연금의 미래 시나리오 #국민연금 #연금고갈 #2099년 #목표 수익률5.5% #연금개혁 #김성주이사장"
2026-02-22 07:40:30,242,15,1,"""21세기 말까지 기금 소진 걱정 끝"" 김성주 이사장이 밝힌 1400조 국민연금의 미래 시나리오 #국민연금 #연금고갈 #2099년 #목표 수익률5.5% #연금개혁 #김성주이사장"
2026-02-22 07:57:11,242,15,1,"""21세기 말까지 기금 소진 걱정 끝"" 김성주 이사장이 밝힌 1400조 국민연금의 미래 시나리오 #국민연금 #연금고갈 #2099년 #목표 수익률5.5% #연금개혁 #김성주이사장"
2026-02-22 08:19:11,242,15,1,"""21세기 말까지 기금 소진 걱정 끝"" 김성주 이사장이 밝힌 1400조 국민연금의 미래 시나리오 #국민연금 #연금고갈 #2099년 #목표 수익률5.5% #연금개혁 #김성주이사장"
2026-02-22 08:41:35,246,15,1,"""21세기 말까지 기금 소진 걱정 끝"" 김성주 이사장이 밝힌 1400조 국민연금의 미래 시나리오 #국민연금 #연금고갈 #2099년 #목표 수익률5.5% #연금개혁 #김성주이사장"
2026-02-22 08:55:16,246,15,1,"""21세기 말까지 기금 소진 걱정 끝"" 김성주 이사장이 밝힌 1400조 국민연금의 미래 시나리오 #국민연금 #연금고갈 #2099년 #목표 수익률5.5% #연금개혁 #김성주이사장"
2026-02-22 10:09:28,246,15,1,"""21세기 말까지 기금 소진 걱정 끝"" 김성주 이사장이 밝힌 1400조 국민연금의 미래 시나리오 #국민연금 #연금고갈 #2099년 #목표 수익률5.5% #연금개혁 #김성주이사장"
2026-02-22 12:43:35,255,15,1,"""21세기 말까지 기금 소진 걱정 끝"" 김성주 이사장이 밝힌 1400조 국민연금의 미래 시나리오 #국민연금 #연금고갈 #2099년 #목표 수익률5.5% #연금개혁 #김성주이사장"
2026-02-22 14:07:30,252,15,1,"""21세기 말까지 기금 소진 걱정 끝"" 김성주 이사장이 밝힌 1400조 국민연금의 미래 시나리오 #국민연금 #연금고갈 #2099년 #목표 수익률5.5% #연금개혁 #김성주이사장"
2026-02-22 15:02:03,255,15,1,"""21세기 말까지 기금 소진 걱정 끝"" 김성주 이사장이 밝힌 1400조 국민연금의 미래 시나리오 #국민연금 #연금고갈 #2099년 #목표 수익률5.5% #연금개혁 #김성주이사장"
2026-02-22 15:59:10,257,15,1,"""21세기 말까지 기금 소진 걱정 끝"" 김성주 이사장이 밝힌 1400조 국민연금의 미래 시나리오 #국민연금 #연금고갈 #2099년 #목표 수익률5.5% #연금개혁 #김성주이사장"
2026-02-22 16:35:55,257,15,1,"""21세기 말까지 기금 소진 걱정 끝"" 김성주 이사장이 밝힌 1400조 국민연금의 미래 시나리오 #국민연금 #연금고갈 #2099년 #목표 수익률5.5% #연금개혁 #김성주이사장"
2026-02-22 16:57:09,257,15,1,"""21세기 말까지 기금 소진 걱정 끝"" 김성주 이사장이 밝힌 1400조 국민연금의 미래 시나리오 #국민연금 #연금고갈 #2099년 #목표 수익률5.5% #연금개혁 #김성주이사장"
2026-02-22 17:25:22,257,15,1,"""21세기 말까지 기금 소진 걱정 끝"" 김성주 이사장이 밝힌 1400조 국민연금의 미래 시나리오 #국민연금 #연금고갈 #2099년 #목표 수익률5.5% #연금개혁 #김성주이사장"
2026-02-22 17:53:52,257,15,1,"""21세기 말까지 기금 소진 걱정 끝"" 김성주 이사장이 밝힌 1400조 국민연금의 미래 시나리오 #국민연금 #연금고갈 #2099년 #목표 수익률5.5% #연금개혁 #김성주이사장"
2026-02-22 18:18:05,266,15,1,"""21세기 말까지 기금 소진 걱정 끝"" 김성주 이사장이 밝힌 1400조 국민연금의 미래 시나리오 #국민연금 #연금고갈 #2099년 #목표 수익률5.5% #연금개혁 #김성주이사장"
2026-02-22 18:48:04,257,15,1,"""21세기 말까지 기금 소진 걱정 끝"" 김성주 이사장이 밝힌 1400조 국민연금의 미래 시나리오 #국민연금 #연금고갈 #2099년 #목표 수익률5.5% #연금개혁 #김성주이사장"
2026-02-22 19:00:16,266,15,1,"""21세기 말까지 기금 소진 걱정 끝"" 김성주 이사장이 밝힌 1400조 국민연금의 미래 시나리오 #국민연금 #연금고갈 #2099년 #목표 수익률5.5% #연금개혁 #김성주이사장"
2026-02-22 19:29:07,266,15,1,"""21세기 말까지 기금 소진 걱정 끝"" 김성주 이사장이 밝힌 1400조 국민연금의 미래 시나리오 #국민연금 #연금고갈 #2099년 #목표 수익률5.5% #연금개혁 #김성주이사장"
2026-02-22 19:52:38,266,15,1,"""21세기 말까지 기금 소진 걱정 끝"" 김성주 이사장이 밝힌 1400조 국민연금의 미래 시나리오 #국민연금 #연금고갈 #2099년 #목표 수익률5.5% #연금개혁 #김성주이사장"
2026-02-22 20:10:56,266,15,1,"""21세기 말까지 기금 소진 걱정 끝"" 김성주 이사장이 밝힌 1400조 국민연금의 미래 시나리오 #국민연금 #연금고갈 #2099년 #목표 수익률5.5% #연금개혁 #김성주이사장"
2026-02-22 20:33:57,266,15,1,"""21세기 말까지 기금 소진 걱정 끝"" 김성주 이사장이 밝힌 1400조 국민연금의 미래 시나리오 #국민연금 #연금고갈 #2099년 #목표 수익률5.5% #연금개혁 #김성주이사장"
2026-02-22 20:47:51,268,15,1,"""21세기 말까지 기금 소진 걱정 끝"" 김성주 이사장이 밝힌 1400조 국민연금의 미래 시나리오 #국민연금 #연금고갈 #2099년 #목표 수익률5.5% #연금개혁 #김성주이사장"
2026-02-22 20:57:39,266,15,1,"""21세기 말까지 기금 소진 걱정 끝"" 김성주 이사장이 밝힌 1400조 국민연금의 미래 시나리오 #국민연금 #연금고갈 #2099년 #목표 수익률5.5% #연금개혁 #김성주이사장"
2026-02-22 21:40:40,270,15,1,"""21세기 말까지 기금 소진 걱정 끝"" 김성주 이사장이 밝힌 1400조 국민연금의 미래 시나리오 #국민연금 #연금고갈 #2099년 #목표 수익률5.5% #연금개혁 #김성주이사장"
2026-02-22 22:30:38,270,15,1,"""21세기 말까지 기금 소진 걱정 끝"" 김성주 이사장이 밝힌 1400조 국민연금의 미래 시나리오 #국민연금 #연금고갈 #2099년 #목표 수익률5.5% #연금개혁 #김성주이사장"
2026-02-22 22:59:19,270,15,1,"""21세기 말까지 기금 소진 걱정 끝"" 김성주 이사장이 밝힌 1400조 국민연금의 미래 시나리오 #국민연금 #연금고갈 #2099년 #목표 수익률5.5% #연금개혁 #김성주이사장"
2026-02-22 23:27:17,270,15,1,"""21세기 말까지 기금 소진 걱정 끝"" 김성주 이사장이 밝힌 1400조 국민연금의 미래 시나리오 #국민연금 #연금고갈 #2099년 #목표 수익률5.5% #연금개혁 #김성주이사장"
2026-02-22 23:51:23,270,15,1,"""21세기 말까지 기금 소진 걱정 끝"" 김성주 이사장이 밝힌 1400조 국민연금의 미래 시나리오 #국민연금 #연금고갈 #2099년 #목표 수익률5.5% #연금개혁 #김성주이사장"
2026-02-23 00:03:00,273,15,1,"""21세기 말까지 기금 소진 걱정 끝"" 김성주 이사장이 밝힌 1400조 국민연금의 미래 시나리오 #국민연금 #연금고갈 #2099년 #목표 수익률5.5% #연금개혁 #김성주이사장"
2026-02-23 00:34:33,273,15,1,"""21세기 말까지 기금 소진 걱정 끝"" 김성주 이사장이 밝힌 1400조 국민연금의 미래 시나리오 #국민연금 #연금고갈 #2099년 #목표 수익률5.5% #연금개혁 #김성주이사장"
2026-02-23 00:52:35,273,15,1,"""21세기 말까지 기금 소진 걱정 끝"" 김성주 이사장이 밝힌 1400조 국민연금의 미래 시나리오 #국민연금 #연금고갈 #2099년 #목표 수익률5.5% #연금개혁 #김성주이사장"
2026-02-23 01:13:33,273,15,1,"""21세기 말까지 기금 소진 걱정 끝"" 김성주 이사장이 밝힌 1400조 국민연금의 미래 시나리오 #국민연금 #연금고갈 #2099년 #목표 수익률5.5% #연금개혁 #김성주이사장"
2026-02-23 01:48:44,275,15,1,"""21세기 말까지 기금 소진 걱정 끝"" 김성주 이사장이 밝힌 1400조 국민연금의 미래 시나리오 #국민연금 #연금고갈 #2099년 #목표 수익률5.5% #연금개혁 #김성주이사장"
2026-02-23 02:12:23,275,15,1,"""21세기 말까지 기금 소진 걱정 끝"" 김성주 이사장이 밝힌 1400조 국민연금의 미래 시나리오 #국민연금 #연금고갈 #2099년 #목표 수익률5.5% #연금개혁 #김성주이사장"
2026-02-23 02:41:02,275,15,1,"""21세기 말까지 기금 소진 걱정 끝"" 김성주 이사장이 밝힌 1400조 국민연금의 미래 시나리오 #국민연금 #연금고갈 #2099년 #목표 수익률5.5% #연금개혁 #김성주이사장"
2026-02-23 02:56:43,275,15,1,"""21세기 말까지 기금 소진 걱정 끝"" 김성주 이사장이 밝힌 1400조 국민연금의 미래 시나리오 #국민연금 #연금고갈 #2099년 #목표 수익률5.5% #연금개혁 #김성주이사장"
2026-02-23 03:26:08,275,15,1,"""21세기 말까지 기금 소진 걱정 끝"" 김성주 이사장이 밝힌 1400조 국민연금의 미래 시나리오 #국민연금 #연금고갈 #2099년 #목표 수익률5.5% #연금개혁 #김성주이사장"
2026-02-23 03:59:26,276,15,1,"""21세기 말까지 기금 소진 걱정 끝"" 김성주 이사장이 밝힌 1400조 국민연금의 미래 시나리오 #국민연금 #연금고갈 #2099년 #목표 수익률5.5% #연금개혁 #김성주이사장"
2026-02-23 04:25:34,275,15,1,"""21세기 말까지 기금 소진 걱정 끝"" 김성주 이사장이 밝힌 1400조 국민연금의 미래 시나리오 #국민연금 #연금고갈 #2099년 #목표 수익률5.5% #연금개혁 #김성주이사장"
2026-02-23 04:43:27,275,15,1,"""21세기 말까지 기금 소진 걱정 끝"" 김성주 이사장이 밝힌 1400조 국민연금의 미래 시나리오 #국민연금 #연금고갈 #2099년 #목표 수익률5.5% #연금개혁 #김성주이사장"
2026-02-23 04:55:22,276,15,1,"""21세기 말까지 기금 소진 걱정 끝"" 김성주 이사장이 밝힌 1400조 국민연금의 미래 시나리오 #국민연금 #연금고갈 #2099년 #목표 수익률5.5% #연금개혁 #김성주이사장"
2026-02-23 05:14:42,276,15,1,"""21세기 말까지 기금 소진 걱정 끝"" 김성주 이사장이 밝힌 1400조 국민연금의 미래 시나리오 #국민연금 #연금고갈 #2099년 #목표 수익률5.5% #연금개혁 #김성주이사장"
2026-02-23 05:43:58,276,15,1,"""21세기 말까지 기금 소진 걱정 끝"" 김성주 이사장이 밝힌 1400조 국민연금의 미래 시나리오 #국민연금 #연금고갈 #2099년 #목표 수익률5.5% #연금개혁 #김성주이사장"
2026-02-23 05:59:27,276,15,1,"""21세기 말까지 기금 소진 걱정 끝"" 김성주 이사장이 밝힌 1400조 국민연금의 미래 시나리오 #국민연금 #연금고갈 #2099년 #목표 수익률5.5% #연금개혁 #김성주이사장"
2026-02-23 06:26:09,276,15,1,"""21세기 말까지 기금 소진 걱정 끝"" 김성주 이사장이 밝힌 1400조 국민연금의 미래 시나리오 #국민연금 #연금고갈 #2099년 #목표 수익률5.5% #연금개혁 #김성주이사장"
2026-02-23 06:45:21,276,15,1,"""21세기 말까지 기금 소진 걱정 끝"" 김성주 이사장이 밝힌 1400조 국민연금의 미래 시나리오 #국민연금 #연금고갈 #2099년 #목표 수익률5.5% #연금개혁 #김성주이사장"
2026-02-23 06:57:48,276,15,1,"""21세기 말까지 기금 소진 걱정 끝"" 김성주 이사장이 밝힌 1400조 국민연금의 미래 시나리오 #국민연금 #연금고갈 #2099년 #목표 수익률5.5% #연금개혁 #김성주이사장"
2026-02-23 07:20:49,276,15,1,"""21세기 말까지 기금 소진 걱정 끝"" 김성주 이사장이 밝힌 1400조 국민연금의 미래 시나리오 #국민연금 #연금고갈 #2099년 #목표 수익률5.5% #연금개혁 #김성주이사장"
2026-02-23 07:46:24,276,15,1,"""21세기 말까지 기금 소진 걱정 끝"" 김성주 이사장이 밝힌 1400조 국민연금의 미래 시나리오 #국민연금 #연금고갈 #2099년 #목표 수익률5.5% #연금개혁 #김성주이사장"
2026-02-23 08:00:43,278,15,1,"""21세기 말까지 기금 소진 걱정 끝"" 김성주 이사장이 밝힌 1400조 국민연금의 미래 시나리오 #국민연금 #연금고갈 #2099년 #목표 수익률5.5% #연금개혁 #김성주이사장"
2026-02-23 08:30:55,276,15,1,"""21세기 말까지 기금 소진 걱정 끝"" 김성주 이사장이 밝힌 1400조 국민연금의 미래 시나리오 #국민연금 #연금고갈 #2099년 #목표 수익률5.5% #연금개혁 #김성주이사장"
2026-02-23 08:51:19,276,15,1,"""21세기 말까지 기금 소진 걱정 끝"" 김성주 이사장이 밝힌 1400조 국민연금의 미래 시나리오 #국민연금 #연금고갈 #2099년 #목표 수익률5.5% #연금개혁 #김성주이사장"
2026-02-23 09:01:42,278,15,1,"""21세기 말까지 기금 소진 걱정 끝"" 김성주 이사장이 밝힌 1400조 국민연금의 미래 시나리오 #국민연금 #연금고갈 #2099년 #목표 수익률5.5% #연금개혁 #김성주이사장"
2026-02-23 11:48:57,281,15,1,"""21세기 말까지 기금 소진 걱정 끝"" 김성주 이사장이 밝힌 1400조 국민연금의 미래 시나리오 #국민연금 #연금고갈 #2099년 #목표 수익률5.5% #연금개혁 #김성주이사장"
2026-02-23 13:49:47,281,15,1,"""21세기 말까지 기금 소진 걱정 끝"" 김성주 이사장이 밝힌 1400조 국민연금의 미래 시나리오 #국민연금 #연금고갈 #2099년 #목표 수익률5.5% #연금개혁 #김성주이사장"
2026-02-23 14:56:35,286,15,1,"""21세기 말까지 기금 소진 걱정 끝"" 김성주 이사장이 밝힌 1400조 국민연금의 미래 시나리오 #국민연금 #연금고갈 #2099년 #목표 수익률5.5% #연금개혁 #김성주이사장"
2026-02-23 15:56:47,287,15,1,"""21세기 말까지 기금 소진 걱정 끝"" 김성주 이사장이 밝힌 1400조 국민연금의 미래 시나리오 #국민연금 #연금고갈 #2099년 #목표 수익률5.5% #연금개혁 #김성주이사장"
2026-02-23 16:50:08,287,15,1,"""21세기 말까지 기금 소진 걱정 끝"" 김성주 이사장이 밝힌 1400조 국민연금의 미래 시나리오 #국민연금 #연금고갈 #2099년 #목표 수익률5.5% #연금개혁 #김성주이사장"
2026-02-23 17:32:27,286,15,1,"""21세기 말까지 기금 소진 걱정 끝"" 김성주 이사장이 밝힌 1400조 국민연금의 미래 시나리오 #국민연금 #연금고갈 #2099년 #목표 수익률5.5% #연금개혁 #김성주이사장"
2026-02-23 18:31:22,287,15,1,"""21세기 말까지 기금 소진 걱정 끝"" 김성주 이사장이 밝힌 1400조 국민연금의 미래 시나리오 #국민연금 #연금고갈 #2099년 #목표 수익률5.5% #연금개혁 #김성주이사장"
2026-02-23 19:29:12,291,15,1,"""21세기 말까지 기금 소진 걱정 끝"" 김성주 이사장이 밝힌 1400조 국민연금의 미래 시나리오 #국민연금 #연금고갈 #2099년 #목표 수익률5.5% #연금개혁 #김성주이사장"
2026-02-23 20:12:22,294,15,1,"""21세기 말까지 기금 소진 걱정 끝"" 김성주 이사장이 밝힌 1400조 국민연금의 미래 시나리오 #국민연금 #연금고갈 #2099년 #목표 수익률5.5% #연금개혁 #김성주이사장"
2026-02-23 20:53:22,294,15,1,"""21세기 말까지 기금 소진 걱정 끝"" 김성주 이사장이 밝힌 1400조 국민연금의 미래 시나리오 #국민연금 #연금고갈 #2099년 #목표 수익률5.5% #연금개혁 #김성주이사장"
2026-02-23 21:31:36,295,15,1,"""21세기 말까지 기금 소진 걱정 끝"" 김성주 이사장이 밝힌 1400조 국민연금의 미래 시나리오 #국민연금 #연금고갈 #2099년 #목표 수익률5.5% #연금개혁 #김성주이사장"
2026-02-23 22:49:44,298,15,1,"""21세기 말까지 기금 소진 걱정 끝"" 김성주 이사장이 밝힌 1400조 국민연금의 미래 시나리오 #국민연금 #연금고갈 #2099년 #목표 수익률5.5% #연금개혁 #김성주이사장"
2026-02-23 23:36:40,295,15,1,"""21세기 말까지 기금 소진 걱정 끝"" 김성주 이사장이 밝힌 1400조 국민연금의 미래 시나리오 #국민연금 #연금고갈 #2099년 #목표 수익률5.5% #연금개혁 #김성주이사장"
2026-02-24 00:28:10,299,15,1,"""21세기 말까지 기금 소진 걱정 끝"" 김성주 이사장이 밝힌 1400조 국민연금의 미래 시나리오 #국민연금 #연금고갈 #2099년 #목표 수익률5.5% #연금개혁 #김성주이사장"
2026-02-24 01:12:21,299,15,1,"""21세기 말까지 기금 소진 걱정 끝"" 김성주 이사장이 밝힌 1400조 국민연금의 미래 시나리오 #국민연금 #연금고갈 #2099년 #목표 수익률5.5% #연금개혁 #김성주이사장"
2026-02-24 02:18:10,301,15,1,"""21세기 말까지 기금 소진 걱정 끝"" 김성주 이사장이 밝힌 1400조 국민연금의 미래 시나리오 #국민연금 #연금고갈 #2099년 #목표 수익률5.5% #연금개혁 #김성주이사장"
2026-02-24 03:13:07,301,15,1,"""21세기 말까지 기금 소진 걱정 끝"" 김성주 이사장이 밝힌 1400조 국민연금의 미래 시나리오 #국민연금 #연금고갈 #2099년 #목표 수익률5.5% #연금개혁 #김성주이사장"
2026-02-24 04:22:47,302,15,1,"""21세기 말까지 기금 소진 걱정 끝"" 김성주 이사장이 밝힌 1400조 국민연금의 미래 시나리오 #국민연금 #연금고갈 #2099년 #목표 수익률5.5% #연금개혁 #김성주이사장"
2026-02-24 05:05:14,302,15,1,"""21세기 말까지 기금 소진 걱정 끝"" 김성주 이사장이 밝힌 1400조 국민연금의 미래 시나리오 #국민연금 #연금고갈 #2099년 #목표 수익률5.5% #연금개혁 #김성주이사장"
2026-02-24 05:57:53,302,15,1,"""21세기 말까지 기금 소진 걱정 끝"" 김성주 이사장이 밝힌 1400조 국민연금의 미래 시나리오 #국민연금 #연금고갈 #2099년 #목표 수익률5.5% #연금개혁 #김성주이사장"
2026-02-24 06:40:45,302,15,1,"""21세기 말까지 기금 소진 걱정 끝"" 김성주 이사장이 밝힌 1400조 국민연금의 미래 시나리오 #국민연금 #연금고갈 #2099년 #목표 수익률5.5% #연금개혁 #김성주이사장"
2026-02-24 07:24:42,302,15,1,"""21세기 말까지 기금 소진 걱정 끝"" 김성주 이사장이 밝힌 1400조 국민연금의 미래 시나리오 #국민연금 #연금고갈 #2099년 #목표 수익률5.5% #연금개혁 #김성주이사장"
2026-02-24 08:05:37,302,15,1,"""21세기 말까지 기금 소진 걱정 끝"" 김성주 이사장이 밝힌 1400조 국민연금의 미래 시나리오 #국민연금 #연금고갈 #2099년 #목표 수익률5.5% #연금개혁 #김성주이사장"
2026-02-24 08:42:00,302,15,1,"""21세기 말까지 기금 소진 걱정 끝"" 김성주 이사장이 밝힌 1400조 국민연금의 미래 시나리오 #국민연금 #연금고갈 #2099년 #목표 수익률5.5% #연금개혁 #김성주이사장"
2026-02-24 08:59:24,302,15,1,"""21세기 말까지 기금 소진 걱정 끝"" 김성주 이사장이 밝힌 1400조 국민연금의 미래 시나리오 #국민연금 #연금고갈 #2099년 #목표 수익률5.5% #연금개혁 #김성주이사장"
2026-02-24 11:09:39,302,15,1,"""21세기 말까지 기금 소진 걱정 끝"" 김성주 이사장이 밝힌 1400조 국민연금의 미래 시나리오 #국민연금 #연금고갈 #2099년 #목표 수익률5.5% #연금개혁 #김성주이사장"
2026-02-24 13:26:05,303,15,1,"""21세기 말까지 기금 소진 걱정 끝"" 김성주 이사장이 밝힌 1400조 국민연금의 미래 시나리오 #국민연금 #연금고갈 #2099년 #목표 수익률5.5% #연금개혁 #김성주이사장"
2026-02-24 14:39:38,303,15,1,"""21세기 말까지 기금 소진 걱정 끝"" 김성주 이사장이 밝힌 1400조 국민연금의 미래 시나리오 #국민연금 #연금고갈 #2099년 #목표 수익률5.5% #연금개혁 #김성주이사장"
2026-02-24 15:39:06,306,15,1,"""21세기 말까지 기금 소진 걱정 끝"" 김성주 이사장이 밝힌 1400조 국민연금의 미래 시나리오 #국민연금 #연금고갈 #2099년 #목표 수익률5.5% #연금개혁 #김성주이사장"
2026-02-24 16:36:16,306,15,1,"""21세기 말까지 기금 소진 걱정 끝"" 김성주 이사장이 밝힌 1400조 국민연금의 미래 시나리오 #국민연금 #연금고갈 #2099년 #목표 수익률5.5% #연금개혁 #김성주이사장"
2026-02-24 17:08:05,306,15,1,"""21세기 말까지 기금 소진 걱정 끝"" 김성주 이사장이 밝힌 1400조 국민연금의 미래 시나리오 #국민연금 #연금고갈 #2099년 #목표 수익률5.5% #연금개혁 #김성주이사장"
2026-02-24 18:03:53,306,15,1,"""21세기 말까지 기금 소진 걱정 끝"" 김성주 이사장이 밝힌 1400조 국민연금의 미래 시나리오 #국민연금 #연금고갈 #2099년 #목표 수익률5.5% #연금개혁 #김성주이사장"
2026-02-24 19:02:09,307,15,1,"""21세기 말까지 기금 소진 걱정 끝"" 김성주 이사장이 밝힌 1400조 국민연금의 미래 시나리오 #국민연금 #연금고갈 #2099년 #목표 수익률5.5% #연금개혁 #김성주이사장"
2026-02-24 19:57:19,308,15,1,"""21세기 말까지 기금 소진 걱정 끝"" 김성주 이사장이 밝힌 1400조 국민연금의 미래 시나리오 #국민연금 #연금고갈 #2099년 #목표 수익률5.5% #연금개혁 #김성주이사장"
2026-02-24 20:37:04,308,15,1,"""21세기 말까지 기금 소진 걱정 끝"" 김성주 이사장이 밝힌 1400조 국민연금의 미래 시나리오 #국민연금 #연금고갈 #2099년 #목표 수익률5.5% #연금개혁 #김성주이사장"
2026-02-24 21:04:58,307,15,1,"""21세기 말까지 기금 소진 걱정 끝"" 김성주 이사장이 밝힌 1400조 국민연금의 미래 시나리오 #국민연금 #연금고갈 #2099년 #목표 수익률5.5% #연금개혁 #김성주이사장"
2026-02-24 22:39:34,308,15,1,"""21세기 말까지 기금 소진 걱정 끝"" 김성주 이사장이 밝힌 1400조 국민연금의 미래 시나리오 #국민연금 #연금고갈 #2099년 #목표 수익률5.5% #연금개혁 #김성주이사장"
2026-02-24 23:36:08,308,15,1,"""21세기 말까지 기금 소진 걱정 끝"" 김성주 이사장이 밝힌 1400조 국민연금의 미래 시나리오 #국민연금 #연금고갈 #2099년 #목표 수익률5.5% #연금개혁 #김성주이사장"
2026-02-25 00:34:07,308,15,1,"""21세기 말까지 기금 소진 걱정 끝"" 김성주 이사장이 밝힌 1400조 국민연금의 미래 시나리오 #국민연금 #연금고갈 #2099년 #목표 수익률5.5% #연금개혁 #김성주이사장"
2026-02-25 01:38:46,308,15,1,"""21세기 말까지 기금 소진 걱정 끝"" 김성주 이사장이 밝힌 1400조 국민연금의 미래 시나리오 #국민연금 #연금고갈 #2099년 #목표 수익률5.5% #연금개혁 #김성주이사장"
2026-02-25 02:38:39,310,15,1,"""21세기 말까지 기금 소진 걱정 끝"" 김성주 이사장이 밝힌 1400조 국민연금의 미래 시나리오 #국민연금 #연금고갈 #2099년 #목표 수익률5.5% #연금개혁 #김성주이사장"
2026-02-25 03:34:57,310,15,1,"""21세기 말까지 기금 소진 걱정 끝"" 김성주 이사장이 밝힌 1400조 국민연금의 미래 시나리오 #국민연금 #연금고갈 #2099년 #목표 수익률5.5% #연금개혁 #김성주이사장"
2026-02-25 04:33:35,310,15,1,"""21세기 말까지 기금 소진 걱정 끝"" 김성주 이사장이 밝힌 1400조 국민연금의 미래 시나리오 #국민연금 #연금고갈 #2099년 #목표 수익률5.5% #연금개혁 #김성주이사장"
2026-02-25 05:00:09,310,15,1,"""21세기 말까지 기금 소진 걱정 끝"" 김성주 이사장이 밝힌 1400조 국민연금의 미래 시나리오 #국민연금 #연금고갈 #2099년 #목표 수익률5.5% #연금개혁 #김성주이사장"
2026-02-25 05:39:24,310,15,1,"""21세기 말까지 기금 소진 걱정 끝"" 김성주 이사장이 밝힌 1400조 국민연금의 미래 시나리오 #국민연금 #연금고갈 #2099년 #목표 수익률5.5% #연금개혁 #김성주이사장"
2026-02-25 06:06:43,310,15,1,"""21세기 말까지 기금 소진 걱정 끝"" 김성주 이사장이 밝힌 1400조 국민연금의 미래 시나리오 #국민연금 #연금고갈 #2099년 #목표 수익률5.5% #연금개혁 #김성주이사장"
2026-02-25 06:48:35,310,15,1,"""21세기 말까지 기금 소진 걱정 끝"" 김성주 이사장이 밝힌 1400조 국민연금의 미래 시나리오 #국민연금 #연금고갈 #2099년 #목표 수익률5.5% #연금개혁 #김성주이사장"
2026-02-25 07:17:47,310,15,1,"""21세기 말까지 기금 소진 걱정 끝"" 김성주 이사장이 밝힌 1400조 국민연금의 미래 시나리오 #국민연금 #연금고갈 #2099년 #목표 수익률5.5% #연금개혁 #김성주이사장"
2026-02-25 07:54:50,310,15,1,"""21세기 말까지 기금 소진 걱정 끝"" 김성주 이사장이 밝힌 1400조 국민연금의 미래 시나리오 #국민연금 #연금고갈 #2099년 #목표 수익률5.5% #연금개혁 #김성주이사장"
2026-02-25 08:20:06,310,15,1,"""21세기 말까지 기금 소진 걱정 끝"" 김성주 이사장이 밝힌 1400조 국민연금의 미래 시나리오 #국민연금 #연금고갈 #2099년 #목표 수익률5.5% #연금개혁 #김성주이사장"
2026-02-25 08:49:37,310,15,1,"""21세기 말까지 기금 소진 걱정 끝"" 김성주 이사장이 밝힌 1400조 국민연금의 미래 시나리오 #국민연금 #연금고갈 #2099년 #목표 수익률5.5% #연금개혁 #김성주이사장"
2026-02-25 09:59:35,310,15,1,"""21세기 말까지 기금 소진 걱정 끝"" 김성주 이사장이 밝힌 1400조 국민연금의 미래 시나리오 #국민연금 #연금고갈 #2099년 #목표 수익률5.5% #연금개혁 #김성주이사장"
2026-02-25 12:35:54,310,15,1,"""21세기 말까지 기금 소진 걱정 끝"" 김성주 이사장이 밝힌 1400조 국민연금의 미래 시나리오 #국민연금 #연금고갈 #2099년 #목표 수익률5.5% #연금개혁 #김성주이사장"
2026-02-25 14:13:08,317,15,1,"""21세기 말까지 기금 소진 걱정 끝"" 김성주 이사장이 밝힌 1400조 국민연금의 미래 시나리오 #국민연금 #연금고갈 #2099년 #목표 수익률5.5% #연금개혁 #김성주이사장"
2026-02-25 15:15:43,317,15,1,"""21세기 말까지 기금 소진 걱정 끝"" 김성주 이사장이 밝힌 1400조 국민연금의 미래 시나리오 #국민연금 #연금고갈 #2099년 #목표 수익률5.5% #연금개혁 #김성주이사장"
2026-02-25 16:17:19,317,15,1,"""21세기 말까지 기금 소진 걱정 끝"" 김성주 이사장이 밝힌 1400조 국민연금의 미래 시나리오 #국민연금 #연금고갈 #2099년 #목표 수익률5.5% #연금개혁 #김성주이사장"
2026-02-25 17:02:48,321,15,1,"""21세기 말까지 기금 소진 걱정 끝"" 김성주 이사장이 밝힌 1400조 국민연금의 미래 시나리오 #국민연금 #연금고갈 #2099년 #목표 수익률5.5% #연금개혁 #김성주이사장"
2026-02-25 18:00:55,322,15,1,"""21세기 말까지 기금 소진 걱정 끝"" 김성주 이사장이 밝힌 1400조 국민연금의 미래 시나리오 #국민연금 #연금고갈 #2099년 #목표 수익률5.5% #연금개혁 #김성주이사장"
2026-02-25 18:59:59,322,15,1,"""21세기 말까지 기금 소진 걱정 끝"" 김성주 이사장이 밝힌 1400조 국민연금의 미래 시나리오 #국민연금 #연금고갈 #2099년 #목표 수익률5.5% #연금개혁 #김성주이사장"
2026-02-25 19:53:26,324,15,1,"""21세기 말까지 기금 소진 걱정 끝"" 김성주 이사장이 밝힌 1400조 국민연금의 미래 시나리오 #국민연금 #연금고갈 #2099년 #목표 수익률5.5% #연금개혁 #김성주이사장"
2026-02-25 20:30:27,323,15,1,"""21세기 말까지 기금 소진 걱정 끝"" 김성주 이사장이 밝힌 1400조 국민연금의 미래 시나리오 #국민연금 #연금고갈 #2099년 #목표 수익률5.5% #연금개혁 #김성주이사장"
2026-02-25 21:01:03,324,15,1,"""21세기 말까지 기금 소진 걱정 끝"" 김성주 이사장이 밝힌 1400조 국민연금의 미래 시나리오 #국민연금 #연금고갈 #2099년 #목표 수익률5.5% #연금개혁 #김성주이사장"
2026-02-25 22:18:09,323,15,1,"""21세기 말까지 기금 소진 걱정 끝"" 김성주 이사장이 밝힌 1400조 국민연금의 미래 시나리오 #국민연금 #연금고갈 #2099년 #목표 수익률5.5% #연금개혁 #김성주이사장"
2026-02-25 23:16:58,324,15,1,"""21세기 말까지 기금 소진 걱정 끝"" 김성주 이사장이 밝힌 1400조 국민연금의 미래 시나리오 #국민연금 #연금고갈 #2099년 #목표 수익률5.5% #연금개혁 #김성주이사장"
2026-02-26 00:12:04,325,15,1,"""21세기 말까지 기금 소진 걱정 끝"" 김성주 이사장이 밝힌 1400조 국민연금의 미래 시나리오 #국민연금 #연금고갈 #2099년 #목표 수익률5.5% #연금개혁 #김성주이사장"
2026-02-26 01:19:12,325,15,1,"""21세기 말까지 기금 소진 걱정 끝"" 김성주 이사장이 밝힌 1400조 국민연금의 미래 시나리오 #국민연금 #연금고갈 #2099년 #목표 수익률5.5% #연금개혁 #김성주이사장"
2026-02-26 02:30:43,327,15,1,"""21세기 말까지 기금 소진 걱정 끝"" 김성주 이사장이 밝힌 1400조 국민연금의 미래 시나리오 #국민연금 #연금고갈 #2099년 #목표 수익률5.5% #연금개혁 #김성주이사장"
2026-02-26 03:36:16,327,15,1,"""21세기 말까지 기금 소진 걱정 끝"" 김성주 이사장이 밝힌 1400조 국민연금의 미래 시나리오 #국민연금 #연금고갈 #2099년 #목표 수익률5.5% #연금개혁 #김성주이사장"
2026-02-26 04:34:47,327,15,1,"""21세기 말까지 기금 소진 걱정 끝"" 김성주 이사장이 밝힌 1400조 국민연금의 미래 시나리오 #국민연금 #연금고갈 #2099년 #목표 수익률5.5% #연금개혁 #김성주이사장"
2026-02-26 05:01:04,327,15,1,"""21세기 말까지 기금 소진 걱정 끝"" 김성주 이사장이 밝힌 1400조 국민연금의 미래 시나리오 #국민연금 #연금고갈 #2099년 #목표 수익률5.5% #연금개혁 #김성주이사장"
2026-02-26 05:41:35,327,15,1,"""21세기 말까지 기금 소진 걱정 끝"" 김성주 이사장이 밝힌 1400조 국민연금의 미래 시나리오 #국민연금 #연금고갈 #2099년 #목표 수익률5.5% #연금개혁 #김성주이사장"
